<keymap version="1" name="Windows copy" parent="$default">
  <action id="BuildArtifact">
    <keyboard-shortcut first-keystroke="alt b" />
  </action>
  <action id="ChooseDebugConfiguration">
    <keyboard-shortcut first-keystroke="shift alt f9" />
    <keyboard-shortcut first-keystroke="alt f" />
  </action>
  <action id="ChooseRunConfiguration">
    <keyboard-shortcut first-keystroke="shift alt f10" />
    <keyboard-shortcut first-keystroke="alt t" />
  </action>
  <action id="CloseContent">
    <keyboard-shortcut first-keystroke="ctrl f4" />
    <keyboard-shortcut first-keystroke="alt w" />
  </action>
  <action id="CompileDirty">
    <keyboard-shortcut first-keystroke="ctrl f9" />
    <keyboard-shortcut first-keystroke="alt v" />
  </action>
  <action id="Debug">
    <keyboard-shortcut first-keystroke="shift f9" />
    <keyboard-shortcut first-keystroke="alt d" />
  </action>
  <action id="IntroduceVariable">
    <keyboard-shortcut first-keystroke="ctrl alt v" />
    <keyboard-shortcut first-keystroke="alt s" />
  </action>
  <action id="MakeModule">
    <keyboard-shortcut first-keystroke="alt c" />
  </action>
  <action id="Run">
    <keyboard-shortcut first-keystroke="alt r" />
    <keyboard-shortcut first-keystroke="shift f10" />
  </action>
  <action id="ShowProjectStructureSettings">
    <keyboard-shortcut first-keystroke="shift ctrl alt s" />
    <keyboard-shortcut first-keystroke="shift ctrl s" />
  </action>
  <action id="editRunConfigurations">
    <keyboard-shortcut first-keystroke="alt e" />
  </action>
</keymap>