<application>
  <component name="LanguageInjectionConfiguration">
    <injection language="SQL" injector-id="java">
      <display-name>JdbcTemplate (org.springframework.jdbc.core)</display-name>
      <place><![CDATA[psiParameter().ofMethod(0, psiMethod().withName("batchUpdate").definedInClass("org.springframework.jdbc.core.JdbcOperations"))]]></place>
      <place><![CDATA[psiParameter().ofMethod(0, psiMethod().withName("execute").definedInClass("org.springframework.jdbc.core.JdbcOperations"))]]></place>
      <place><![CDATA[psiParameter().ofMethod(0, psiMethod().withName("query").definedInClass("org.springframework.jdbc.core.JdbcOperations"))]]></place>
      <place><![CDATA[psiParameter().ofMethod(0, psiMethod().withName("queryForInt").definedInClass("org.springframework.jdbc.core.JdbcOperations"))]]></place>
      <place><![CDATA[psiParameter().ofMethod(0, psiMethod().withName("queryForList").definedInClass("org.springframework.jdbc.core.JdbcOperations"))]]></place>
      <place><![CDATA[psiParameter().ofMethod(0, psiMethod().withName("queryForLong").definedInClass("org.springframework.jdbc.core.JdbcOperations"))]]></place>
      <place><![CDATA[psiParameter().ofMethod(0, psiMethod().withName("queryForMap").definedInClass("org.springframework.jdbc.core.JdbcOperations"))]]></place>
      <place><![CDATA[psiParameter().ofMethod(0, psiMethod().withName("queryForObject").definedInClass("org.springframework.jdbc.core.JdbcOperations"))]]></place>
      <place><![CDATA[psiParameter().ofMethod(0, psiMethod().withName("queryForRowSet").definedInClass("org.springframework.jdbc.core.JdbcOperations"))]]></place>
      <place><![CDATA[psiParameter().ofMethod(0, psiMethod().withName("update").definedInClass("org.springframework.jdbc.core.JdbcOperations"))]]></place>
    </injection>
  </component>
</application>